action	min_reward	mean_reward	max_reward
0	0.0	0.5677698098347369	2.9889216151840223
1	0.0	0.5397408559299783	3.7614611916597194
2	0.0	0.25035172965487573	0.9824141842345989
