strategy	regret
uniform	134.4104915529975
just-0	0.0
just-1	29.527980189575366
just-2	373.70349446941714
actual	21.90461362147903
