strategy	regret
uniform	115.14901136153982
just-0	0.0
just-1	28.02895390475857
just-2	317.4180801798612
actual	22.880333061849342
